{
  "title":"Lecture 24: Elementary Processes in QED (I)",
  "description": null,
  "file": "/courses/8-323-relativistic-quantum-field-theory-i-spring-2023/ocw_8323_lecture24_2023may08_360p_16_9.mp4",
  "learning_resource_types": ["Lecture Videos"],
  "resource_type": "Video",
  "file_type": "video/mp4",
  "youtube_key":  "tkglOK3ZEsI",
  "captions_file": "/courses/8-323-relativistic-quantum-field-theory-i-spring-2023/1xqTmG7qj6qZ4UtrLxG9EABBXtqpnbwvr_transcript.webvtt",
  "transcript_file": "/courses/8-323-relativistic-quantum-field-theory-i-spring-2023/1xqTmG7qj6qZ4UtrLxG9EABBXtqpnbwvr_transcript.pdf",
  "thumbnail_file": "https://img.youtube.com/vi/tkglOK3ZEsI/default.jpg",
  "archive_url": ""}
