{
  "title":"Lecture 8: Path Integral Formalism for Non-Relativistic Quantum Mechanics",
  "description": null,
  "file": "/courses/8-323-relativistic-quantum-field-theory-i-spring-2023/ocw_8323_lecture08_2023mar03_360p_16_9.mp4",
  "learning_resource_types": ["Lecture Videos"],
  "resource_type": "Video",
  "file_type": "video/mp4",
  "youtube_key":  "qwIoCu7vwLQ",
  "captions_file": "/courses/8-323-relativistic-quantum-field-theory-i-spring-2023/1bZLOlIGDdp9ayOzQNumd52IdjYLjbWk6_transcript.webvtt",
  "transcript_file": "/courses/8-323-relativistic-quantum-field-theory-i-spring-2023/1bZLOlIGDdp9ayOzQNumd52IdjYLjbWk6_transcript.pdf",
  "thumbnail_file": "https://img.youtube.com/vi/qwIoCu7vwLQ/default.jpg",
  "archive_url": ""}
