{
  "title":"Lecture 11: Computation of Correlation Functions in Perturbation Theory and Feynman Diagrams",
  "description": null,
  "file": "/courses/8-323-relativistic-quantum-field-theory-i-spring-2023/ocw_8323_lecture11_2023mar13_360p_16_9.mp4",
  "learning_resource_types": ["Lecture Videos"],
  "resource_type": "Video",
  "file_type": "video/mp4",
  "youtube_key":  "pWHUGzxzPNk",
  "captions_file": "/courses/8-323-relativistic-quantum-field-theory-i-spring-2023/1fX48r0-11OmbMe8bqknSoTKZrJtKJ2b4_transcript.webvtt",
  "transcript_file": "/courses/8-323-relativistic-quantum-field-theory-i-spring-2023/1fX48r0-11OmbMe8bqknSoTKZrJtKJ2b4_transcript.pdf",
  "thumbnail_file": "https://img.youtube.com/vi/pWHUGzxzPNk/default.jpg",
  "archive_url": ""}
