{
  "title":"Lecture 6: Propagators and Green Functions",
  "description": null,
  "file": "/courses/8-323-relativistic-quantum-field-theory-i-spring-2023/ocw_8323_lecture06_2023feb22_360p_16_9.mp4",
  "learning_resource_types": ["Lecture Videos"],
  "resource_type": "Video",
  "file_type": "video/mp4",
  "youtube_key":  "L2vNqnov1rs",
  "captions_file": "/courses/8-323-relativistic-quantum-field-theory-i-spring-2023/1u-2G0YlJ_pb6t1P9ztmiaJlmPRkfVkXh_transcript.webvtt",
  "transcript_file": "/courses/8-323-relativistic-quantum-field-theory-i-spring-2023/1u-2G0YlJ_pb6t1P9ztmiaJlmPRkfVkXh_transcript.pdf",
  "thumbnail_file": "https://img.youtube.com/vi/L2vNqnov1rs/default.jpg",
  "archive_url": ""}
