{
  "title":"Lecture 13: Introducing the Dirac Equation",
  "description": null,
  "file": "/courses/8-323-relativistic-quantum-field-theory-i-spring-2023/ocw_8323_lecture13_2023mar20_360p_16_9.mp4",
  "learning_resource_types": ["Lecture Videos"],
  "resource_type": "Video",
  "file_type": "video/mp4",
  "youtube_key":  "dTrZaojMiy4",
  "captions_file": "/courses/8-323-relativistic-quantum-field-theory-i-spring-2023/1nSoJZ53QbiBc_WoKmgtBCEUBEBzIb2B4_transcript.webvtt",
  "transcript_file": "/courses/8-323-relativistic-quantum-field-theory-i-spring-2023/1nSoJZ53QbiBc_WoKmgtBCEUBEBzIb2B4_transcript.pdf",
  "thumbnail_file": "https://img.youtube.com/vi/dTrZaojMiy4/default.jpg",
  "archive_url": ""}
