{
  "title":"Lecture 1: Classical Field Theories and Principle of Locality",
  "description": null,
  "file": "/courses/8-323-relativistic-quantum-field-theory-i-spring-2023/ocw_8323_lecture01_2023feb06_360p_16_9.mp4",
  "learning_resource_types": ["Lecture Videos"],
  "resource_type": "Video",
  "file_type": "video/mp4",
  "youtube_key":  "xQFgk-nEihg",
  "captions_file": "/courses/8-323-relativistic-quantum-field-theory-i-spring-2023/1VxxgMnLasftjz7MnQCtxVMK3hiZZAlfK_transcript.webvtt",
  "transcript_file": "/courses/8-323-relativistic-quantum-field-theory-i-spring-2023/1VxxgMnLasftjz7MnQCtxVMK3hiZZAlfK_transcript.pdf",
  "thumbnail_file": "https://img.youtube.com/vi/xQFgk-nEihg/default.jpg",
  "archive_url": ""}
