{
  "title":"Lecture 3: Why Quantum Field Theory",
  "description": null,
  "file": "/courses/8-323-relativistic-quantum-field-theory-i-spring-2023/ocw_8323_lecture03_2023feb13_360p_16_9.mp4",
  "learning_resource_types": ["Lecture Videos"],
  "resource_type": "Video",
  "file_type": "video/mp4",
  "youtube_key":  "-P2opzekpX8",
  "captions_file": "/courses/8-323-relativistic-quantum-field-theory-i-spring-2023/1EZeWszvMJt99W0gBXCTWpWAc0rXvAsBU_transcript.webvtt",
  "transcript_file": "/courses/8-323-relativistic-quantum-field-theory-i-spring-2023/1EZeWszvMJt99W0gBXCTWpWAc0rXvAsBU_transcript.pdf",
  "thumbnail_file": "https://img.youtube.com/vi/-P2opzekpX8/default.jpg",
  "archive_url": ""}
