{
  "title":"Lecture 22: Quantum Electrodynamics",
  "description": null,
  "file": "/courses/8-323-relativistic-quantum-field-theory-i-spring-2023/ocw_8323_lecture22_2023may01_360p_16_9.mp4",
  "learning_resource_types": ["Lecture Videos"],
  "resource_type": "Video",
  "file_type": "video/mp4",
  "youtube_key":  "NfmgFECXqZY",
  "captions_file": "/courses/8-323-relativistic-quantum-field-theory-i-spring-2023/1VA2jl7dLCT5r97M35kV1CRNhevmhXimh_transcript.webvtt",
  "transcript_file": "/courses/8-323-relativistic-quantum-field-theory-i-spring-2023/1VA2jl7dLCT5r97M35kV1CRNhevmhXimh_transcript.pdf",
  "thumbnail_file": "https://img.youtube.com/vi/NfmgFECXqZY/default.jpg",
  "archive_url": ""}
