{
  "title":"Lecture 7: Interacting Theories and S-Matrix",
  "description": null,
  "file": "/courses/8-323-relativistic-quantum-field-theory-i-spring-2023/ocw_8323_lecture07_2023feb27_360p_16_9.mp4",
  "learning_resource_types": ["Lecture Videos"],
  "resource_type": "Video",
  "file_type": "video/mp4",
  "youtube_key":  "wVSd_8EJABQ",
  "captions_file": "/courses/8-323-relativistic-quantum-field-theory-i-spring-2023/1CIgVssTam7nLHjNiNhJ6QoW1VYmGXJZf_transcript.webvtt",
  "transcript_file": "/courses/8-323-relativistic-quantum-field-theory-i-spring-2023/1CIgVssTam7nLHjNiNhJ6QoW1VYmGXJZf_transcript.pdf",
  "thumbnail_file": "https://img.youtube.com/vi/wVSd_8EJABQ/default.jpg",
  "archive_url": ""}
