{
  "title":"Lecture 23: Cross Section and Decay Rate",
  "description": null,
  "file": "/courses/8-323-relativistic-quantum-field-theory-i-spring-2023/ocw_8323_lecture23_2023may03_360p_16_9.mp4",
  "learning_resource_types": ["Lecture Videos"],
  "resource_type": "Video",
  "file_type": "video/mp4",
  "youtube_key":  "BOf_ZcJk-GU",
  "captions_file": "/courses/8-323-relativistic-quantum-field-theory-i-spring-2023/1nZ9QYc61ztoaGPIEgpRbl95CLcE0sqAg_transcript.webvtt",
  "transcript_file": "/courses/8-323-relativistic-quantum-field-theory-i-spring-2023/1nZ9QYc61ztoaGPIEgpRbl95CLcE0sqAg_transcript.pdf",
  "thumbnail_file": "https://img.youtube.com/vi/BOf_ZcJk-GU/default.jpg",
  "archive_url": ""}
