{
  "title":"Lecture 26: Quantum Fluctuations and Renormalization",
  "description": null,
  "file": "/courses/8-323-relativistic-quantum-field-theory-i-spring-2023/ocw_8323_lecture26_2023may12_360p_16_9.mp4",
  "learning_resource_types": ["Lecture Videos"],
  "resource_type": "Video",
  "file_type": "video/mp4",
  "youtube_key":  "5sQRaJTogZw",
  "captions_file": "/courses/8-323-relativistic-quantum-field-theory-i-spring-2023/1dh7cSxM70A9RhF2E5B1Xt-ZRhCacwOjx_transcript.webvtt",
  "transcript_file": "/courses/8-323-relativistic-quantum-field-theory-i-spring-2023/1dh7cSxM70A9RhF2E5B1Xt-ZRhCacwOjx_transcript.pdf",
  "thumbnail_file": "https://img.youtube.com/vi/5sQRaJTogZw/default.jpg",
  "archive_url": ""}
