{
  "title":"Lecture 16: Quantization of the Dirac Theory",
  "description": null,
  "file": "/courses/8-323-relativistic-quantum-field-theory-i-spring-2023/ocw_8323_lecture16_2023apr05_360p_16_9.mp4",
  "learning_resource_types": ["Lecture Videos"],
  "resource_type": "Video",
  "file_type": "video/mp4",
  "youtube_key":  "2tq6-8OGNOA",
  "captions_file": "/courses/8-323-relativistic-quantum-field-theory-i-spring-2023/17HsUZ6df7MA2XOWhllIL4C7lhgXD9yxI_transcript.webvtt",
  "transcript_file": "/courses/8-323-relativistic-quantum-field-theory-i-spring-2023/17HsUZ6df7MA2XOWhllIL4C7lhgXD9yxI_transcript.pdf",
  "thumbnail_file": "https://img.youtube.com/vi/2tq6-8OGNOA/default.jpg",
  "archive_url": ""}
