{
  "title":"Lecture 12: More on Perturbation Theory and Feynman Diagrams",
  "description": null,
  "file": "/courses/8-323-relativistic-quantum-field-theory-i-spring-2023/ocw_8323_lecture12_2023mar15_360p_16_9.mp4",
  "learning_resource_types": ["Lecture Videos"],
  "resource_type": "Video",
  "file_type": "video/mp4",
  "youtube_key":  "m4salGLUIBg",
  "captions_file": "/courses/8-323-relativistic-quantum-field-theory-i-spring-2023/1WB6HTPF7BWKu40TThcbcqPxBDRdEwd5N_transcript.webvtt",
  "transcript_file": "/courses/8-323-relativistic-quantum-field-theory-i-spring-2023/1WB6HTPF7BWKu40TThcbcqPxBDRdEwd5N_transcript.pdf",
  "thumbnail_file": "https://img.youtube.com/vi/m4salGLUIBg/default.jpg",
  "archive_url": ""}
