{
  "title":"Lecture 25: Elementary Processes in QED (II)",
  "description": null,
  "file": "/courses/8-323-relativistic-quantum-field-theory-i-spring-2023/ocw_8323_lecture25_2023may10_360p_16_9.mp4",
  "learning_resource_types": ["Lecture Videos"],
  "resource_type": "Video",
  "file_type": "video/mp4",
  "youtube_key":  "I2vEKf7L0Y4",
  "captions_file": "/courses/8-323-relativistic-quantum-field-theory-i-spring-2023/11TfWQk_7FmWdTR9fh37exRSTp7spd3Vz_transcript.webvtt",
  "transcript_file": "/courses/8-323-relativistic-quantum-field-theory-i-spring-2023/11TfWQk_7FmWdTR9fh37exRSTp7spd3Vz_transcript.pdf",
  "thumbnail_file": "https://img.youtube.com/vi/I2vEKf7L0Y4/default.jpg",
  "archive_url": ""}
