{
  "title":"Lecture 4: Canonical Quantization of a Free Scalar Field Theory",
  "description": null,
  "file": "/courses/8-323-relativistic-quantum-field-theory-i-spring-2023/ocw_8323_lecture04_2023feb15_360p_16_9.mp4",
  "learning_resource_types": ["Lecture Videos"],
  "resource_type": "Video",
  "file_type": "video/mp4",
  "youtube_key":  "ryATZC_2ytw",
  "captions_file": "/courses/8-323-relativistic-quantum-field-theory-i-spring-2023/11UUrQiygKUqRPHsGv-oPVsPn8bfzQ7YC_transcript.webvtt",
  "transcript_file": "/courses/8-323-relativistic-quantum-field-theory-i-spring-2023/11UUrQiygKUqRPHsGv-oPVsPn8bfzQ7YC_transcript.pdf",
  "thumbnail_file": "https://img.youtube.com/vi/ryATZC_2ytw/default.jpg",
  "archive_url": ""}
