{
  "title":"Lecture 15: Classical Solutions of Dirac Equations",
  "description": null,
  "file": "/courses/8-323-relativistic-quantum-field-theory-i-spring-2023/ocw_8323_lecture15_2023apr03_360p_16_9.mp4",
  "learning_resource_types": ["Lecture Videos"],
  "resource_type": "Video",
  "file_type": "video/mp4",
  "youtube_key":  "RAyFaeJCYWA",
  "captions_file": "/courses/8-323-relativistic-quantum-field-theory-i-spring-2023/1hdMv_QPfPys1IAoPag5eyQ33AAoai1qD_transcript.webvtt",
  "transcript_file": "/courses/8-323-relativistic-quantum-field-theory-i-spring-2023/1hdMv_QPfPys1IAoPag5eyQ33AAoai1qD_transcript.pdf",
  "thumbnail_file": "https://img.youtube.com/vi/RAyFaeJCYWA/default.jpg",
  "archive_url": ""}
