{
  "title":"Lecture 21: Quantum Maxwell Theory (continued)",
  "description": null,
  "file": "/courses/8-323-relativistic-quantum-field-theory-i-spring-2023/ocw_8323_lecture21_2023apr26_360p_16_9.mp4",
  "learning_resource_types": ["Lecture Videos"],
  "resource_type": "Video",
  "file_type": "video/mp4",
  "youtube_key":  "lpR4my-qfQA",
  "captions_file": "/courses/8-323-relativistic-quantum-field-theory-i-spring-2023/1IO2RxxloN1wFOVEWFw_KjMqBP4PkmYk9_transcript.webvtt",
  "transcript_file": "/courses/8-323-relativistic-quantum-field-theory-i-spring-2023/1IO2RxxloN1wFOVEWFw_KjMqBP4PkmYk9_transcript.pdf",
  "thumbnail_file": "https://img.youtube.com/vi/lpR4my-qfQA/default.jpg",
  "archive_url": ""}
