{
  "title":"Lecture 5: Complex Scalar Field Theory and Anti-Particle",
  "description": null,
  "file": "/courses/8-323-relativistic-quantum-field-theory-i-spring-2023/ocw_8323_lecture05_2023feb21_360p_16_9.mp4",
  "learning_resource_types": ["Lecture Videos"],
  "resource_type": "Video",
  "file_type": "video/mp4",
  "youtube_key":  "wRHJjg9jBjA",
  "captions_file": "/courses/8-323-relativistic-quantum-field-theory-i-spring-2023/1oizM2WmmSHhQce3xlU6Bw1o0YTIXiZyF_transcript.webvtt",
  "transcript_file": "/courses/8-323-relativistic-quantum-field-theory-i-spring-2023/1oizM2WmmSHhQce3xlU6Bw1o0YTIXiZyF_transcript.pdf",
  "thumbnail_file": "https://img.youtube.com/vi/wRHJjg9jBjA/default.jpg",
  "archive_url": ""}
