{
  "title":"Lecture 2: Symmetries and Conservation Laws",
  "description": null,
  "file": "/courses/8-323-relativistic-quantum-field-theory-i-spring-2023/ocw_8323_lecture02_2023feb08_360p_16_9.mp4",
  "learning_resource_types": ["Lecture Videos"],
  "resource_type": "Video",
  "file_type": "video/mp4",
  "youtube_key":  "a2mMA4M-V9M",
  "captions_file": "/courses/8-323-relativistic-quantum-field-theory-i-spring-2023/1JJCeeqqOswjWCNy_08ITgFhsfEHkFRcC_transcript.webvtt",
  "transcript_file": "/courses/8-323-relativistic-quantum-field-theory-i-spring-2023/1JJCeeqqOswjWCNy_08ITgFhsfEHkFRcC_transcript.pdf",
  "thumbnail_file": "https://img.youtube.com/vi/a2mMA4M-V9M/default.jpg",
  "archive_url": ""}
