{
  "title":"Lecture 9: Path Integral Formalism for QFT; Computation of Time-Ordered Correlation Functions",
  "description": null,
  "file": "/courses/8-323-relativistic-quantum-field-theory-i-spring-2023/ocw_8323_lecture09_2023mar06_360p_16_9.mp4",
  "learning_resource_types": ["Lecture Videos"],
  "resource_type": "Video",
  "file_type": "video/mp4",
  "youtube_key":  "GZQ-8pg7bgk",
  "captions_file": "/courses/8-323-relativistic-quantum-field-theory-i-spring-2023/11j1PLa7do1oWsYBoxH_VLn3chm7PQoty_transcript.webvtt",
  "transcript_file": "/courses/8-323-relativistic-quantum-field-theory-i-spring-2023/11j1PLa7do1oWsYBoxH_VLn3chm7PQoty_transcript.pdf",
  "thumbnail_file": "https://img.youtube.com/vi/GZQ-8pg7bgk/default.jpg",
  "archive_url": ""}
