{
  "title":"Lecture 20: Maxwell Theory and its Canonical Quantization",
  "description": null,
  "file": "/courses/8-323-relativistic-quantum-field-theory-i-spring-2023/ocw_8323_lecture20_2023apr24_360p_16_9.mp4",
  "learning_resource_types": ["Lecture Videos"],
  "resource_type": "Video",
  "file_type": "video/mp4",
  "youtube_key":  "TnEf7LR1unM",
  "captions_file": "/courses/8-323-relativistic-quantum-field-theory-i-spring-2023/199MyPppKOXSJRNb60fNxqvVEkW7tuCvy_transcript.webvtt",
  "transcript_file": "/courses/8-323-relativistic-quantum-field-theory-i-spring-2023/199MyPppKOXSJRNb60fNxqvVEkW7tuCvy_transcript.pdf",
  "thumbnail_file": "https://img.youtube.com/vi/TnEf7LR1unM/default.jpg",
  "archive_url": ""}
