<?xml version="1.0" encoding="utf-8" standalone="yes"?>
<rss version="2.0" xmlns:atom="http://www.w3.org/2005/Atom">
  <channel>
    <title>Problem-Solving Notes on MIT OpenCourseWare</title>
    <link>/resources/problem-solving-notes/</link>
    <description>Recent content in Problem-Solving Notes on MIT OpenCourseWare</description>
    <generator>Hugo</generator>
    <language>en-us</language>
    <atom:link href="/resources/problem-solving-notes/index.xml" rel="self" type="application/rss+xml" />
    <item>
      <title>8.323 Relativistic Quantum Field Theory I (Spring 2023), Recitation 1</title>
      <link>/resources/mit8_323_s23_rec01_pdf/data.json</link>
      <pubDate>Mon, 01 Jan 0001 00:00:00 +0000</pubDate>
      <guid>/resources/mit8_323_s23_rec01_pdf/data.json</guid>
      <description></description>
    </item>
    <item>
      <title>8.323 Relativistic Quantum Field Theory I (Spring 2023), Recitation 10</title>
      <link>/resources/mit8_323_s23_rec10_pdf/data.json</link>
      <pubDate>Mon, 01 Jan 0001 00:00:00 +0000</pubDate>
      <guid>/resources/mit8_323_s23_rec10_pdf/data.json</guid>
      <description></description>
    </item>
    <item>
      <title>8.323 Relativistic Quantum Field Theory I (Spring 2023), Recitation 2</title>
      <link>/resources/mit8_323_s23_rec02_pdf/data.json</link>
      <pubDate>Mon, 01 Jan 0001 00:00:00 +0000</pubDate>
      <guid>/resources/mit8_323_s23_rec02_pdf/data.json</guid>
      <description></description>
    </item>
    <item>
      <title>8.323 Relativistic Quantum Field Theory I (Spring 2023), Recitation 3</title>
      <link>/resources/mit8_323_s23_rec03_pdf/data.json</link>
      <pubDate>Mon, 01 Jan 0001 00:00:00 +0000</pubDate>
      <guid>/resources/mit8_323_s23_rec03_pdf/data.json</guid>
      <description></description>
    </item>
    <item>
      <title>8.323 Relativistic Quantum Field Theory I (Spring 2023), Recitation 4</title>
      <link>/resources/mit8_323_s23_rec04_pdf/data.json</link>
      <pubDate>Mon, 01 Jan 0001 00:00:00 +0000</pubDate>
      <guid>/resources/mit8_323_s23_rec04_pdf/data.json</guid>
      <description></description>
    </item>
    <item>
      <title>8.323 Relativistic Quantum Field Theory I (Spring 2023), Recitation 5</title>
      <link>/resources/mit8_323_s23_rec05_pdf/data.json</link>
      <pubDate>Mon, 01 Jan 0001 00:00:00 +0000</pubDate>
      <guid>/resources/mit8_323_s23_rec05_pdf/data.json</guid>
      <description></description>
    </item>
    <item>
      <title>8.323 Relativistic Quantum Field Theory I (Spring 2023), Recitation 6</title>
      <link>/resources/mit8_323_s23_rec06_pdf/data.json</link>
      <pubDate>Mon, 01 Jan 0001 00:00:00 +0000</pubDate>
      <guid>/resources/mit8_323_s23_rec06_pdf/data.json</guid>
      <description></description>
    </item>
    <item>
      <title>8.323 Relativistic Quantum Field Theory I (Spring 2023), Recitation 7</title>
      <link>/resources/mit8_323_s23_rec07_pdf/data.json</link>
      <pubDate>Mon, 01 Jan 0001 00:00:00 +0000</pubDate>
      <guid>/resources/mit8_323_s23_rec07_pdf/data.json</guid>
      <description></description>
    </item>
    <item>
      <title>8.323 Relativistic Quantum Field Theory I (Spring 2023), Recitation 8</title>
      <link>/resources/mit8_323_s23_rec08_pdf/data.json</link>
      <pubDate>Mon, 01 Jan 0001 00:00:00 +0000</pubDate>
      <guid>/resources/mit8_323_s23_rec08_pdf/data.json</guid>
      <description></description>
    </item>
  </channel>
</rss>
