{
  "title":"Lecture 18: Discrete Symmetries",
  "description": null,
  "file": "/courses/8-323-relativistic-quantum-field-theory-i-spring-2023/ocw_8323_lecture18_2023apr12_360p_16_9.mp4",
  "learning_resource_types": ["Lecture Videos"],
  "resource_type": "Video",
  "file_type": "video/mp4",
  "youtube_key":  "pRmAa-UyVg8",
  "captions_file": "/courses/8-323-relativistic-quantum-field-theory-i-spring-2023/14RIa0wYlTvmeHiVmJhH9icMXr3AOl73O_transcript.webvtt",
  "transcript_file": "/courses/8-323-relativistic-quantum-field-theory-i-spring-2023/14RIa0wYlTvmeHiVmJhH9icMXr3AOl73O_transcript.pdf",
  "thumbnail_file": "https://img.youtube.com/vi/pRmAa-UyVg8/default.jpg",
  "archive_url": ""}
