{
  "title":"Lecture 10: Time-Ordered Correlation Functions in Field Theory",
  "description": null,
  "file": "/courses/8-323-relativistic-quantum-field-theory-i-spring-2023/ocw_8323_lecture10_2023mar08_v2_360p_16_9.mp4",
  "learning_resource_types": ["Lecture Videos"],
  "resource_type": "Video",
  "file_type": "video/mp4",
  "youtube_key":  "PjOoLqEy1Vs",
  "captions_file": "/courses/8-323-relativistic-quantum-field-theory-i-spring-2023/1eFiNPCwKJpJvsiTYK-ngGn43GYi0KLD7_transcript.webvtt",
  "transcript_file": "/courses/8-323-relativistic-quantum-field-theory-i-spring-2023/1eFiNPCwKJpJvsiTYK-ngGn43GYi0KLD7_transcript.pdf",
  "thumbnail_file": "https://img.youtube.com/vi/PjOoLqEy1Vs/default.jpg",
  "archive_url": ""}
