{"005e28a1-e29f-4206-8b7a-8038b1c97dfe":"/resources/mit8_323_s23_pset_05sol_pdf/data.json","00a7419a-058f-4f2f-9fe7-c07c8c6138e5":"/resources/mit8_323_s23_rec04_pdf/data.json","0c630f11-9019-4417-8995-381f8f9d1f3d":"/resources/mit8_323_s23_pset12_pdf/data.json","182e087f-0e00-4806-931b-9348a7e6e5de":"/resources/mit8_323_s23_pset03_pdf/data.json","1fb9a87e-cee8-4275-ac57-a9479c642197":"/resources/ocw_8323_lecture20_2023apr24_mp4/data.json","2237e0dc-b726-4101-bd18-cbfdb04728a0":"/resources/mit8_323_s23_rec05_pdf/data.json","2b415c17-d1f1-4738-98f3-61d345298cbc":"/resources/mit8_323_s23_pset_02sol_pdf/data.json","359ce80f-971b-497b-98a2-292772318ade":"/resources/mit8_323_s23_chp_jpg/data.json","372dc577-8c0c-460c-aaeb-de7a644d97c0":"/resources/ocw_8323_lecture04_2023feb15_mp4/data.json","3bc5018e-3f49-4d73-8674-cc9702fd53bb":"/resources/mit8_323_s23_pset_08sol_pdf/data.json","3c4d0aaa-f0ca-440e-bec7-881663d41073":"/resources/mit8_323_s23_rec01_pdf/data.json","3f03a51d-34b8-43b7-bd47-6f829abb00dd":"/resources/ocw_8323_lecture01_2023feb06_mp4/data.json","45d3505b-c70c-4604-8632-d47e86bf4b07":"/resources/mit8_323_s23_pset08_pdf/data.json","46d1901d-b7e8-471c-b56c-4d3aa643eb25":"/pages/calendar/data.json","4de1df81-6a3e-49b2-afae-35467b30b0e2":"/resources/ocw_8323_lecture03_2023feb13_mp4/data.json","4ebcb89f-5ef3-4365-a835-c29ef3d4c0b8":"/resources/mit8_323_s23_rec08_pdf/data.json","5449e895-525b-4ea8-83c4-fe5faef1a216":"/lists/recitations/data.json","5452bd29-05eb-4ce7-a76e-66bcfd8fd0e7":"/resources/ocw_8323_lecture17_2023apr10_mp4/data.json","558d5a74-9363-40da-97af-91c1d3ddd3d8":"/resources/ocw_8323_lecture14_2023mar22_mp4/data.json","55e2b47e-1eba-42b2-8a22-a14da36c957b":"/resources/mit8_323_s23_pset_03sol_pdf/data.json","58a86ed3-4c13-48a0-a519-9e0473d87da4":"/resources/mit8_323_s23_pset_01sol_pdf/data.json","5c437445-5a12-4030-855c-6be21ce186a7":"/resources/mit8_323_s23_rec02_pdf/data.json","5ca1a436-0e4f-407d-99dd-c09d29019c7d":"/resources/mit8_323_s23_pset05_pdf/data.json","5ec1c7a7-3a9a-4b86-b37b-8fc2a1ad48b4":"/resources/mit8_323_s23_pset_06sol_pdf/data.json","5eff71e8-fa42-4d58-8c18-d4fc91298c89":"/resources/ocw_8323_lecture06_2023feb22_mp4/data.json","60a823f2-17fa-416b-880e-2e5f4eb8c7cf":"/resources/mit8_323_s23_pset01_pdf/data.json","635b18d9-cc65-4123-950d-77d3e5fb3a2b":"/video_galleries/lecture-videos/data.json","6444a0f3-f087-4576-9b90-75a1707f6f9f":"/resources/ocw_8323_lecture08_2023mar03_mp4/data.json","676e3807-5f39-456d-8c26-db9d4dc06310":"/resources/mit8_323_s23_pset11_pdf/data.json","67921076-89d1-4de9-9d58-410e426c2bd9":"/resources/ocw_8323_lecture24_2023may08_mp4/data.json","6bc2beac-596a-4bbd-b734-061ed0abd637":"/resources/ocw_8323_lecture18_2023apr12_mp4/data.json","6f74efb1-3da2-427c-b935-e15c7c0b5a82":"/resources/mit8_323_s23_pset02_pdf/data.json","70d0c768-fb84-4ebf-b02f-0a60fee7ffd8":"/resources/mit8_323_s23_pset09_pdf/data.json","74dc8473-da61-4969-9175-1ee929971183":"/resources/ocw_8323_lecture25_2023may10_mp4/data.json","84c088cd-9026-4f15-a92f-26bf10317823":"/resources/mit8_323_s23_rec10_pdf/data.json","8ae64e9b-c149-4c05-86d1-b4dd564a2ef7":"/resources/ocw_8323_lecture11_2023mar13_mp4/data.json","94337921-b4f0-430b-bee2-20f21d0d1676":"/resources/mit8_323_s23_rec06_pdf/data.json","9a8e8811-f651-44bd-9b3c-9b315216d79e":"/resources/ocw_8323_lecture15_2023apr03_mp4/data.json","9af88794-ac55-446f-998b-d71d882785e2":"/resources/mit8_323_s23_pset10_pdf/data.json","9cf19eba-caf4-42f0-aa64-5ec93b22c882":"/resources/ocw_8323_lecture19_2023apr19_mp4/data.json","a5891642-1c0e-4ef8-8e50-5edced2ca712":"/resources/mit8_323_s23_chp_th_jpg/data.json","a683a593-4c1f-4a60-bb7a-2140a4bbff2d":"/resources/ocw_8323_lecture13_2023mar20_mp4/data.json","ae7d8601-074e-480d-9f1e-0aa001220bfc":"/resources/ocw_8323_lecture26_2023may12_mp4/data.json","af1f563b-4c24-46ca-9cca-2228a296b306":"/resources/mit8_323_s23_pset_09sol_pdf/data.json","b3816327-62ba-4969-a184-0b3bf95002fe":"/resources/ocw_8323_lecture22_2023may01_mp4/data.json","b9b61753-0576-4287-9e78-88062b4edd80":"/resources/mit8_323_s23_rec07_pdf/data.json","bb6d61aa-3714-4cae-8af8-d5d22fb68f34":"/resources/mit8_323_s23_pset_11sol_pdf/data.json","bc589c5e-529a-4da6-b4d2-eaa854b8a722":"/resources/mit8_323_s23_pset06_pdf/data.json","be7d90c4-d75b-401a-ab04-e96af04e751e":"/resources/ocw_8323_lecture05_2023feb21_mp4/data.json","bfcf9321-c4d1-4917-8cab-6cb925da93bb":"/resources/mit8_323_s23_pset_04sol_pdf/data.json","c287e252-5126-494c-92e0-fe9881783239":"/pages/readings/data.json","c7e618be-1931-4c21-811d-82b7432087fc":"/resources/ocw_8323_lecture07_2023feb27_mp4/data.json","d3933526-6e0f-4fee-ac08-e4593f5f7d9c":"/resources/mit8_323_s23_pset07_pdf/data.json","d3d5a78a-d53c-4a9f-b51f-c201229093d2":"/resources/ocw_8323_lecture21_2023apr26_mp4/data.json","d4011ad5-9c9f-4ce2-a474-80a48902dd2a":"/resources/ocw_8323_lecture10_2023mar08_v2_mp4/data.json","e03db4ba-2cf4-4d09-af31-46c13a8d513b":"/pages/syllabus/data.json","e08dc5e2-daa8-4405-8934-2f908257abeb":"/resources/mit8_323_s23_pset_12sol_pdf/data.json","e101549a-0435-4f8f-8d06-6411c330696e":"/resources/ocw_8323_lecture16_2023apr05_mp4/data.json","e9a83f39-bfd9-4d94-906c-585e233c1cd4":"/resources/ocw_8323_lecture02_2023feb08_mp4/data.json","ea2146e7-2fbf-4f4a-a018-b786e7d0b117":"/resources/mit8_323_s23_pset_10sol_pdf/data.json","ea903c85-d723-4fff-98f8-9f768b0be699":"/resources/mit8_323_s23_rec03_pdf/data.json","ebf057e0-3f9d-4958-ae67-c2440c1f7c15":"/resources/mit8_323_s23_pset04_pdf/data.json","ee707987-2bcb-44d4-a746-487a659ba513":"/lists/problem-sets/data.json","f098d05c-620a-46bb-bc81-79a9a6e442f6":"/resources/ocw_8323_lecture12_2023mar15_mp4/data.json","f6964a8d-75bd-4dc2-b5e1-0c3110c25674":"/resources/ocw_8323_lecture23_2023may03_mp4/data.json","fb4ae433-b2da-42a8-91c9-b64b574b2342":"/resources/ocw_8323_lecture09_2023mar06_mp4/data.json","fb7361d2-20ca-4e32-bf21-8dcd57bec816":"/resources/mit8_323_s23_pset_07sol_pdf/data.json"}