<?xml version="1.0" encoding="utf-8" standalone="yes"?>
<rss version="2.0" xmlns:atom="http://www.w3.org/2005/Atom">
  <channel>
    <title>Problem Set Solutions on MIT OpenCourseWare</title>
    <link>/resources/problem-set-solutions/</link>
    <description>Recent content in Problem Set Solutions on MIT OpenCourseWare</description>
    <generator>Hugo</generator>
    <language>en-us</language>
    <atom:link href="/resources/problem-set-solutions/index.xml" rel="self" type="application/rss+xml" />
    <item>
      <title>8.323 Relativistic Quantum Field Theory I (Spring 2023), Problem Set 1 Solutions</title>
      <link>/resources/mit8_323_s23_pset_01sol_pdf/data.json</link>
      <pubDate>Mon, 01 Jan 0001 00:00:00 +0000</pubDate>
      <guid>/resources/mit8_323_s23_pset_01sol_pdf/data.json</guid>
      <description></description>
    </item>
    <item>
      <title>8.323 Relativistic Quantum Field Theory I (Spring 2023), Problem Set 10 Solutions</title>
      <link>/resources/mit8_323_s23_pset_10sol_pdf/data.json</link>
      <pubDate>Mon, 01 Jan 0001 00:00:00 +0000</pubDate>
      <guid>/resources/mit8_323_s23_pset_10sol_pdf/data.json</guid>
      <description></description>
    </item>
    <item>
      <title>8.323 Relativistic Quantum Field Theory I (Spring 2023), Problem Set 11 Solutions</title>
      <link>/resources/mit8_323_s23_pset_11sol_pdf/data.json</link>
      <pubDate>Mon, 01 Jan 0001 00:00:00 +0000</pubDate>
      <guid>/resources/mit8_323_s23_pset_11sol_pdf/data.json</guid>
      <description></description>
    </item>
    <item>
      <title>8.323 Relativistic Quantum Field Theory I (Spring 2023), Problem Set 12 Solutions</title>
      <link>/resources/mit8_323_s23_pset_12sol_pdf/data.json</link>
      <pubDate>Mon, 01 Jan 0001 00:00:00 +0000</pubDate>
      <guid>/resources/mit8_323_s23_pset_12sol_pdf/data.json</guid>
      <description></description>
    </item>
    <item>
      <title>8.323 Relativistic Quantum Field Theory I (Spring 2023), Problem Set 2 Solutions</title>
      <link>/resources/mit8_323_s23_pset_02sol_pdf/data.json</link>
      <pubDate>Mon, 01 Jan 0001 00:00:00 +0000</pubDate>
      <guid>/resources/mit8_323_s23_pset_02sol_pdf/data.json</guid>
      <description></description>
    </item>
    <item>
      <title>8.323 Relativistic Quantum Field Theory I (Spring 2023), Problem Set 3 Solutions</title>
      <link>/resources/mit8_323_s23_pset_03sol_pdf/data.json</link>
      <pubDate>Mon, 01 Jan 0001 00:00:00 +0000</pubDate>
      <guid>/resources/mit8_323_s23_pset_03sol_pdf/data.json</guid>
      <description></description>
    </item>
    <item>
      <title>8.323 Relativistic Quantum Field Theory I (Spring 2023), Problem Set 4 Solutions</title>
      <link>/resources/mit8_323_s23_pset_04sol_pdf/data.json</link>
      <pubDate>Mon, 01 Jan 0001 00:00:00 +0000</pubDate>
      <guid>/resources/mit8_323_s23_pset_04sol_pdf/data.json</guid>
      <description></description>
    </item>
    <item>
      <title>8.323 Relativistic Quantum Field Theory I (Spring 2023), Problem Set 5 Solutions</title>
      <link>/resources/mit8_323_s23_pset_05sol_pdf/data.json</link>
      <pubDate>Mon, 01 Jan 0001 00:00:00 +0000</pubDate>
      <guid>/resources/mit8_323_s23_pset_05sol_pdf/data.json</guid>
      <description></description>
    </item>
    <item>
      <title>8.323 Relativistic Quantum Field Theory I (Spring 2023), Problem Set 6 Solutions</title>
      <link>/resources/mit8_323_s23_pset_06sol_pdf/data.json</link>
      <pubDate>Mon, 01 Jan 0001 00:00:00 +0000</pubDate>
      <guid>/resources/mit8_323_s23_pset_06sol_pdf/data.json</guid>
      <description></description>
    </item>
    <item>
      <title>8.323 Relativistic Quantum Field Theory I (Spring 2023), Problem Set 7 Solutions</title>
      <link>/resources/mit8_323_s23_pset_07sol_pdf/data.json</link>
      <pubDate>Mon, 01 Jan 0001 00:00:00 +0000</pubDate>
      <guid>/resources/mit8_323_s23_pset_07sol_pdf/data.json</guid>
      <description></description>
    </item>
    <item>
      <title>8.323 Relativistic Quantum Field Theory I (Spring 2023), Problem Set 8 Solutions</title>
      <link>/resources/mit8_323_s23_pset_08sol_pdf/data.json</link>
      <pubDate>Mon, 01 Jan 0001 00:00:00 +0000</pubDate>
      <guid>/resources/mit8_323_s23_pset_08sol_pdf/data.json</guid>
      <description></description>
    </item>
    <item>
      <title>8.323 Relativistic Quantum Field Theory I (Spring 2023), Problem Set 9 Solutions</title>
      <link>/resources/mit8_323_s23_pset_09sol_pdf/data.json</link>
      <pubDate>Mon, 01 Jan 0001 00:00:00 +0000</pubDate>
      <guid>/resources/mit8_323_s23_pset_09sol_pdf/data.json</guid>
      <description></description>
    </item>
  </channel>
</rss>
