{
  "title":"Lecture 14: Lorentz Covariance of the Dirac Equation",
  "description": null,
  "file": "/courses/8-323-relativistic-quantum-field-theory-i-spring-2023/ocw_8323_lecture14_2023mar22_360p_16_9.mp4",
  "learning_resource_types": ["Lecture Videos"],
  "resource_type": "Video",
  "file_type": "video/mp4",
  "youtube_key":  "YgyshX9T3S4",
  "captions_file": "/courses/8-323-relativistic-quantum-field-theory-i-spring-2023/1romVzn64uW3bSntc8o59ZjQ6nvb5jC9z_transcript.webvtt",
  "transcript_file": "/courses/8-323-relativistic-quantum-field-theory-i-spring-2023/1romVzn64uW3bSntc8o59ZjQ6nvb5jC9z_transcript.pdf",
  "thumbnail_file": "https://img.youtube.com/vi/YgyshX9T3S4/default.jpg",
  "archive_url": ""}
