{
  "title":"Lecture 17: Chiral and Majorana Spinors",
  "description": null,
  "file": "/courses/8-323-relativistic-quantum-field-theory-i-spring-2023/ocw_8323_lecture17_2023apr10_360p_16_9.mp4",
  "learning_resource_types": ["Lecture Videos"],
  "resource_type": "Video",
  "file_type": "video/mp4",
  "youtube_key":  "pWq8blw9Nhc",
  "captions_file": "/courses/8-323-relativistic-quantum-field-theory-i-spring-2023/1m6mUJ8oNDFqVYLflNmS2BZ6XwoNkUGaO_transcript.webvtt",
  "transcript_file": "/courses/8-323-relativistic-quantum-field-theory-i-spring-2023/1m6mUJ8oNDFqVYLflNmS2BZ6XwoNkUGaO_transcript.pdf",
  "thumbnail_file": "https://img.youtube.com/vi/pWq8blw9Nhc/default.jpg",
  "archive_url": ""}
