{
  "title":"Lecture 19: Path Integrals of Fermions",
  "description": null,
  "file": "/courses/8-323-relativistic-quantum-field-theory-i-spring-2023/ocw_8323_lecture19_2023apr19_360p_16_9.mp4",
  "learning_resource_types": ["Lecture Videos"],
  "resource_type": "Video",
  "file_type": "video/mp4",
  "youtube_key":  "guQxqv6dhMU",
  "captions_file": "/courses/8-323-relativistic-quantum-field-theory-i-spring-2023/1xKpgn4UOiwO__eM6gIghZ5-cY6MQvsXT_transcript.webvtt",
  "transcript_file": "/courses/8-323-relativistic-quantum-field-theory-i-spring-2023/1xKpgn4UOiwO__eM6gIghZ5-cY6MQvsXT_transcript.pdf",
  "thumbnail_file": "https://img.youtube.com/vi/guQxqv6dhMU/default.jpg",
  "archive_url": ""}
