
{ 
  "title":"Lecture Videos",
  "description":"", 
  "videos": [{
          "description": null,
          "file": "/courses/8-323-relativistic-quantum-field-theory-i-spring-2023/ocw_8323_lecture01_2023feb06_360p_16_9.mp4"
        },{
          "description": null,
          "file": "/courses/8-323-relativistic-quantum-field-theory-i-spring-2023/ocw_8323_lecture02_2023feb08_360p_16_9.mp4"
        },{
          "description": null,
          "file": "/courses/8-323-relativistic-quantum-field-theory-i-spring-2023/ocw_8323_lecture03_2023feb13_360p_16_9.mp4"
        },{
          "description": null,
          "file": "/courses/8-323-relativistic-quantum-field-theory-i-spring-2023/ocw_8323_lecture04_2023feb15_360p_16_9.mp4"
        },{
          "description": null,
          "file": "/courses/8-323-relativistic-quantum-field-theory-i-spring-2023/ocw_8323_lecture05_2023feb21_360p_16_9.mp4"
        },{
          "description": null,
          "file": "/courses/8-323-relativistic-quantum-field-theory-i-spring-2023/ocw_8323_lecture06_2023feb22_360p_16_9.mp4"
        },{
          "description": null,
          "file": "/courses/8-323-relativistic-quantum-field-theory-i-spring-2023/ocw_8323_lecture07_2023feb27_360p_16_9.mp4"
        },{
          "description": null,
          "file": "/courses/8-323-relativistic-quantum-field-theory-i-spring-2023/ocw_8323_lecture08_2023mar03_360p_16_9.mp4"
        },{
          "description": null,
          "file": "/courses/8-323-relativistic-quantum-field-theory-i-spring-2023/ocw_8323_lecture09_2023mar06_360p_16_9.mp4"
        },{
          "description": null,
          "file": "/courses/8-323-relativistic-quantum-field-theory-i-spring-2023/ocw_8323_lecture10_2023mar08_v2_360p_16_9.mp4"
        },{
          "description": null,
          "file": "/courses/8-323-relativistic-quantum-field-theory-i-spring-2023/ocw_8323_lecture11_2023mar13_360p_16_9.mp4"
        },{
          "description": null,
          "file": "/courses/8-323-relativistic-quantum-field-theory-i-spring-2023/ocw_8323_lecture12_2023mar15_360p_16_9.mp4"
        },{
          "description": null,
          "file": "/courses/8-323-relativistic-quantum-field-theory-i-spring-2023/ocw_8323_lecture13_2023mar20_360p_16_9.mp4"
        },{
          "description": null,
          "file": "/courses/8-323-relativistic-quantum-field-theory-i-spring-2023/ocw_8323_lecture14_2023mar22_360p_16_9.mp4"
        },{
          "description": null,
          "file": "/courses/8-323-relativistic-quantum-field-theory-i-spring-2023/ocw_8323_lecture15_2023apr03_360p_16_9.mp4"
        },{
          "description": null,
          "file": "/courses/8-323-relativistic-quantum-field-theory-i-spring-2023/ocw_8323_lecture16_2023apr05_360p_16_9.mp4"
        },{
          "description": null,
          "file": "/courses/8-323-relativistic-quantum-field-theory-i-spring-2023/ocw_8323_lecture17_2023apr10_360p_16_9.mp4"
        },{
          "description": null,
          "file": "/courses/8-323-relativistic-quantum-field-theory-i-spring-2023/ocw_8323_lecture18_2023apr12_360p_16_9.mp4"
        },{
          "description": null,
          "file": "/courses/8-323-relativistic-quantum-field-theory-i-spring-2023/ocw_8323_lecture19_2023apr19_360p_16_9.mp4"
        },{
          "description": null,
          "file": "/courses/8-323-relativistic-quantum-field-theory-i-spring-2023/ocw_8323_lecture20_2023apr24_360p_16_9.mp4"
        },{
          "description": null,
          "file": "/courses/8-323-relativistic-quantum-field-theory-i-spring-2023/ocw_8323_lecture21_2023apr26_360p_16_9.mp4"
        },{
          "description": null,
          "file": "/courses/8-323-relativistic-quantum-field-theory-i-spring-2023/ocw_8323_lecture22_2023may01_360p_16_9.mp4"
        },{
          "description": null,
          "file": "/courses/8-323-relativistic-quantum-field-theory-i-spring-2023/ocw_8323_lecture23_2023may03_360p_16_9.mp4"
        },{
          "description": null,
          "file": "/courses/8-323-relativistic-quantum-field-theory-i-spring-2023/ocw_8323_lecture24_2023may08_360p_16_9.mp4"
        },{
          "description": null,
          "file": "/courses/8-323-relativistic-quantum-field-theory-i-spring-2023/ocw_8323_lecture25_2023may10_360p_16_9.mp4"
        },{
          "description": null,
          "file": "/courses/8-323-relativistic-quantum-field-theory-i-spring-2023/ocw_8323_lecture26_2023may12_360p_16_9.mp4"
        }]}


